{ "size" : 3, "values" : [0.410403, -0.114458, -0.286048]}
