{ "size" : 3, "values" : [6.616667, 0.283333, 0.715540]}
