{ "size" : 3, "values" : [0.057487, -0.090355, 0.040436]}
