{ "W" : { "x" : 4, "y" : [192, 4, 4, 3], "values" : [[], [[0.309584, -1.271362, 0.639693, 0.734471, -0.091114], [-0.127713, 0.302924, 0.893679, -0.894778, -0.150531], [-0.765447, -0.932869, -0.879256, 0.860301, -0.404848], [-0.423297, -0.437445, -0.204747, -0.399879, -1.015605], [-0.817696, 0.958021, -0.255597, -0.441201, 0.851808], [0.121818, 0.559077, -0.724841, -0.436027, 0.000468], [-0.810007, 0.900813, -0.154963, -0.437956, -0.226801], [0.347665, -0.853274, -0.363411, 0.239555, 0.583765], [0.738602, -0.435146, -0.514972, 0.674674, 0.244330], [0.765064, -0.834342, 0.248116, -0.040998, -0.957252], [0.189364, 0.462554, 0.211072, -0.116915, 0.667377], [-0.187535, -0.210506, -0.103739, 0.649525, -0.398977], [0.681132, -0.535560, -0.531687, -0.137395, 0.478087], [0.555288, 1.015912, 0.938908, 0.231254, -0.819631], [0.675576, 0.535783, -0.399630, 0.498674, 0.182945], [0.168314, -0.514063, -0.566202, -0.723661, -0.014049], [-0.961199, -0.462593, -0.313350, -0.418175, -0.647235], [-0.069306, -0.232141, 0.297166, -0.300934, -0.868664], [-0.097330, 0.226241, -0.186969, -0.736206, 0.792296], [0.574740, -0.528942, -0.344239, 0.646146, 0.536683], [0.094421, -1.594575, 0.772321, -0.559740, 0.281206], [-0.232578, -0.557007, 0.892658, 0.218261, 0.289102], [0.774962, -0.216842, 0.161795, -0.644457, 0.469904], [-0.863334, -0.768864, 0.467764, 0.291323, -0.260561], [0.300727, 0.941166, -0.095599, -0.376530, 0.693791], [0.301122, 0.822194, -0.424151, 0.440921, 0.350966], [-0.316921, -1.126950, 0.142427, 0.014882, -0.495722], [-0.988305, -0.002437, 0.689175, -0.764239, 0.192945], [-0.487212, -0.347928, 0.225129, 0.089020, 0.628641], [0.775770, 0.807151, -0.573273, -0.542935, 0.782524], [-0.874401, -0.553769, -0.854168, -0.668948, 0.565875], [0.194636, -0.117616, -0.051016, 0.317946, -0.943939], [0.325875, 0.000771, 0.970225, 0.616718, 0.353944], [0.291572, -0.846243, -0.865162, 0.459204, 0.742356], [0.703964, 0.377693, 0.154079, -0.599775, 0.682341], [0.400608, -0.749034, -0.944005, -0.251282, 0.055144], [0.996644, -0.495258, -0.289532, 0.452565, 0.914512], [-0.508728, 0.828549, -0.702520, 0.606502, 0.039654], [-0.804681, 0.750429, -0.945743, -0.659931, 0.060648], [-0.446057, 0.166645, 0.889466, 0.639494, -1.008018], [0.699538, 0.827453, -0.080030, -0.035314, -0.609408], [-0.535743, 0.942810, -0.871153, -0.634212, -0.543736], [-0.982494, 0.749550, -0.242905, -0.544099, 0.819514], [-0.525200, 0.507491, -0.586290, -0.615549, 0.036970], [0.877663, 0.045413, 0.753056, 0.863901, -0.443719], [0.676043, 0.671930, 0.786821, -0.549196, 0.265041], [0.219547, -0.631438, -0.276299, -0.240445, -0.041055], [0.311283, 0.019621, 0.625439, -0.692855, 0.960346], [0.267323, -0.626229, -0.574232, 0.495353, -0.640930], [0.575086, -0.043928, -0.593054, 0.758988, -0.941342], [-0.400929, 0.248759, -0.831075, 0.488705, -0.228620], [-0.492272, 0.977758, 0.258817, 0.240137, 0.202684], [-0.500292, 0.346705, 0.612706, -0.420840, -0.302559], [0.342115, -0.244219, 0.084417, 0.171447, 0.713148], [0.394477, 0.639477, 0.304543, -0.018202, 0.691227], [0.869040, 0.394213, -0.501375, -0.286241, 0.037780], [-0.389214, 0.490856, -0.875006, -0.209830, 0.933922], [0.605616, -0.002659, -0.221810, 0.768833, 0.936585], [-0.718413, 0.146861, 0.714708, 0.492571, -0.634589], [-0.458243, -0.950351, -0.716000, 0.515495, -1.000347], [-0.142595, 0.773683, 0.877363, -0.580608, 0.481405], [0.979347, -0.095770, 0.768803, 0.395138, 0.027846], [-0.363577, 0.465719, 0.284888, 0.735067, 0.586781], [-0.037763, 0.073514, 0.045113, -0.039086, 0.893012], [0.129988, -0.577027, -0.020120, -0.738262, -0.069650], [-0.551520, -0.478214, 0.959344, -0.905198, -0.610660], [-0.246632, -0.459799, -0.012727, 0.615347, 0.033545], [0.654968, -1.184944, 0.113169, -0.918121, -0.057612], [-0.086374, 0.752993, 0.369626, -0.108590, 0.770092], [-0.442547, -0.187928, 0.342273, 0.839420, 0.890131], [0.700757, 0.315519, 0.509135, 0.389118, 0.463705], [-0.796591, 0.799754, -0.630754, -0.239102, -0.729493], [-0.811491, -0.757625, 0.829618, 0.766055, 0.618910], [-0.121141, 0.105438, -0.897898, -0.222092, -0.130331], [-0.923019, -0.755767, 0.843435, 0.216506, 0.064341], [-0.323619, 0.312414, -0.046930, 0.262499, -0.622820], [-0.624323, 1.350141, 0.501453, 0.474473, -0.143739], [0.447405, -0.931886, -0.423498, 0.183829, 0.760235], [0.241844, -0.787929, 0.026496, -0.504432, -0.702596], [-0.035998, 0.161324, -0.381802, -0.923621, -0.692476], [0.272091, -1.178837, -0.898009, 0.740212, 0.874132], [-0.084721, -1.665450, 0.933994, 0.407142, 0.038043], [0.764551, 0.630592, -0.666112, 0.371583, 0.499000], [-0.903949, -0.941118, -0.105461, 0.975877, -0.694960], [0.349766, -0.867361, 0.736240, -0.655787, -0.550020], [0.425531, -0.981864, -0.035201, -0.321793, 0.265042], [0.828048, 0.473458, -0.389571, -0.261629, -0.206761], [-0.920103, 0.248288, -0.837599, 0.167409, 0.227751], [-0.968023, 0.989958, 0.253475, -0.199249, 0.933036], [0.133441, -0.638999, -0.090439, -0.861912, 0.206227], [0.316550, -1.186771, 0.851997, 0.087278, -0.308441], [0.010022, -0.513159, 0.303364, 0.468972, -0.317201], [-0.820420, 0.264648, 0.951757, -0.341123, -0.584552], [-0.397330, -0.227850, 0.418446, -0.063037, 0.406474], [-0.973013, -0.345927, 0.684097, -0.910126, 0.147934], [0.882598, -0.830589, 0.196235, 0.335010, 0.005793], [0.050950, -0.840496, -0.706579, 0.478767, 0.097538], [0.914563, 1.584107, -0.976754, -0.457998, -0.004407], [-0.805202, 1.102416, -0.603783, 0.438087, 0.297751], [0.206702, 0.323615, 0.372976, 0.026709, 0.418040], [0.040566, 0.913509, 0.275166, -0.829080, -0.999937], [-0.713910, 0.685356, 0.004204, 0.342812, -0.094337], [0.750820, 0.338177, -0.006312, -0.561320, -0.417859], [0.772870, 0.138984, 0.976640, -0.250099, -0.101904], [-0.515911, 0.890633, 0.906298, -0.439551, 0.629809], [-0.118324, -0.975233, -0.053356, 0.126470, -0.836594], [-0.871209, 0.515253, 0.323681, -0.184438, -0.975006], [-0.481293, 0.615935, 0.677256, 0.261280, 0.958100], [-0.789314, -0.146787, 0.914284, -0.909129, -0.832066], [0.608783, 1.284113, -0.809274, -0.870786, 0.388325], [-0.175250, 0.332664, -0.470233, -0.424386, 0.127476], [-0.607762, -0.686914, -0.762763, -0.959860, -0.336204], [0.426183, 0.348866, 0.879986, -0.888396, -0.496671], [-0.036339, 1.192143, 0.687647, -0.268261, 0.035437], [0.575526, -0.771374, 0.288985, -0.308429, -0.942801], [0.098092, -0.264175, -0.766564, -0.539489, 0.225584], [0.178983, -0.605132, 0.794992, 0.528037, -0.431737], [0.302591, -0.771388, 0.777847, -0.556905, 0.487577], [0.027361, 0.441689, -0.734400, 0.298473, 0.388309], [0.336363, -0.832444, 0.575871, 0.369074, 0.956486], [-0.845721, 0.632240, -0.382552, -0.473601, 0.191357], [-0.645351, -0.202682, -0.840103, -0.088322, 0.487966], [-0.099101, 0.772359, 0.354992, -0.395401, 0.276698], [0.863530, -0.612183, 0.793875, 0.393469, -0.469289], [0.159495, 0.129526, -0.664922, -0.347309, -0.426943], [0.844174, -0.043610, -0.565396, -0.749531, 0.146147], [-0.787028, -0.117386, 0.632963, 0.103123, 0.940542], [0.136980, -0.038959, -0.878766, 0.090925, -0.601623], [0.832810, 0.166433, 0.414455, 0.649544, -0.733263], [0.849031, 0.207731, -0.518914, -0.162645, -0.463309], [0.740183, -0.635461, -0.244964, -0.617636, -0.959377], [-0.144207, 0.394223, -0.564734, 0.770467, 0.577616], [0.920193, 0.201094, 0.748387, 0.878493, 0.143645], [-0.674457, -0.080312, -0.232666, 0.762350, 0.755133], [-0.411022, 1.361481, -0.960316, 0.540890, 0.019152], [-0.082718, 1.420625, -0.211482, 0.074088, 0.419560], [-0.007573, 0.002960, -0.546399, 0.215434, 0.887476], [-0.761605, -0.203384, -0.428797, 0.607098, 0.659835], [0.593375, 0.927252, 0.375572, 0.405071, -0.810465], [0.035255, 0.501511, -0.583119, -0.455822, -1.008241], [-0.875232, -0.608540, -0.863984, 0.947970, -0.592263], [0.571287, 0.544177, -0.603823, 0.731564, -0.752888], [0.135316, 0.224861, -0.449871, 0.345238, 0.885077], [0.065109, 0.649309, -0.741529, 0.391598, -0.458284], [-0.197193, 0.207327, 0.862884, 0.233163, -0.488849], [0.632645, 1.442638, -0.721596, 0.724141, 