{ "W" : { "x" : 5, "y" : [192, 4, 4, 4, 3], "values" : [[], [[0.029732, -0.789383, -0.315105, 0.512324, -1.418821], [0.994864, 0.308891, 0.811665, -0.549919, 0.152208], [-0.134330, 0.879463, -0.797983, 0.528147, -0.295840], [-0.696999, -0.503978, -0.534388, 0.702304, 0.007565], [0.261898, 0.254658, 0.011316, -0.912796, 0.671466], [0.741907, 0.311707, -0.010283, -0.067305, 0.937993], [0.020481, -0.610517, -0.147246, -0.383281, 0.339761], [-0.218074, 0.242805, -0.422114, -0.212411, 0.323309], [-0.327553, 0.139734, 0.535273, 0.817592, 0.537632], [-0.854877, -0.585629, -0.543131, 0.600008, -0.206802], [0.742049, -0.174146, 0.754341, 0.493970, -0.607051], [0.140391, -0.336447, -0.385861, -0.434906, 0.172784], [0.230949, 0.102235, -0.310975, -0.165040, -0.980664], [0.682673, -0.478411, -0.721785, -0.815638, -0.056535], [-0.530819, -0.580700, 0.863823, -0.243033, 0.187108], [-0.175519, -0.428773, -0.631508, 0.448582, -0.772797], [-0.467522, 0.391675, 0.579228, -0.048073, 0.742110], [-0.589436, -0.334796, -0.335183, 0.664740, 0.119533], [-0.608860, -0.129727, -0.425839, -0.845837, 0.401398], [0.115537, -0.227907, -0.648818, -0.277901, 0.095040], [-0.212998, 0.574963, -0.298970, -0.933666, -0.934969], [0.639021, -0.542169, -0.413590, 0.340452, -0.526572], [0.551119, -0.506393, -0.954565, 0.059513, 0.032555], [-0.724165, 0.918948, 0.542545, -0.862840, -0.095364], [0.994455, -0.444089, 0.699651, 0.200847, -0.576549], [0.827823, -0.771268, -0.500291, 0.047595, -0.263185], [0.557498, 0.710253, -0.461087, -0.391285, -0.829719], [-0.781551, 0.642973, -0.564349, 0.262874, 0.249248], [0.347825, 0.027732, -0.302522, 0.565794, 0.090938], [-0.390352, -0.967891, 0.274515, -0.965844, 0.487285], [0.851432, 0.189487, 0.527948, 0.341564, -0.788682], [0.232918, -0.405216, 0.059275, -0.891461, 0.611283], [-0.031891, -0.406637, -0.492933, 0.361823, -0.931049], [0.575502, 0.672756, 0.505555, -0.879689, 0.213153], [0.820039, 0.939655, 0.474375, -0.706338, -0.634937], [0.724087, 0.802975, -0.805266, -0.702986, -1.000671], [-0.375396, -0.029517, -0.434607, -0.756459, 0.241604], [0.507162, 0.650510, -0.718380, -0.620383, -0.595327], [-0.739129, 0.540181, -0.307285, -0.414876, -0.829593], [-0.861715, -0.603505, 0.503688, -0.841624, -0.872515], [0.756172, -0.197842, 0.042813, 0.618638, -0.787912], [-0.174491, 0.507876, -0.714469, -0.630751, -0.622180], [0.841849, 0.632699, -0.411083, -0.580497, -0.604673], [0.434171, 0.133652, 0.867597, 0.611821, 0.400111], [-0.170770, 0.959758, -0.950507, -0.357324, -0.520249], [-0.354566, 1.017320, 0.549011, -0.905764, -0.974664], [-0.954754, -0.724384, 0.229485, 0.562720, -0.425937], [0.952235, 0.447348, 0.159917, 0.385963, -0.659079], [0.453704, -0.424308, -0.671919, 0.544850, -0.261525], [-0.871585, 0.595361, 0.246468, -0.131213, -0.895221], [0.643257, -0.548944, -0.867778, 0.103087, -0.678896], [0.726188, 0.061381, -0.646673, -0.588364, -0.523023], [0.914213, 0.998330, 0.011824, -0.471546, -0.271705], [0.045205, 0.671869, -0.903276, 0.308041, -0.133122], [0.809910, 0.594460, -0.611820, -0.245349, -0.165584], [-0.395745, -0.117384, 0.269188, -0.752332, 0.194128], [-0.220749, -0.268029, 0.728120, 0.760078, -1.016535], [0.129089, -0.818425, 0.239392, 0.464168, 1.286621], [0.355697, -0.576570, 0.835472, -0.566346, -1.676545], [0.672013, 0.117828, 0.977400, -0.679145, 0.564617], [-0.672648, 0.790873, -0.446727, -0.965250, 1.262543], [0.631614, 0.015428, -0.230988, 0.900668, -1.544561], [-0.955285, -0.860951, 0.865965, -0.899766, -1.131816], [0.218001, 0.838031, -0.340629, 0.200235, 0.257963], [-0.861589, -0.838404, 0.541507, 0.078238, -1.004677], [-0.315891, -0.887873, 0.800213, 0.862858, -1.241205], [0.031477, -0.569192, -0.219748, -0.625548, 0.307890], [0.195054, 0.852288, -0.451931, -0.892620, 0.047774], [-0.694066, 0.614663, -0.175057, 0.498125, -1.019326], [0.932246, -0.385930, -0.485219, -0.192373, 1.183007], [0.826257, 0.138064, -0.726896, 0.033313, 0.527363], [0.552304, -0.959565, 0.662628, -0.755916, 0.120024], [0.275530, 0.628394, -0.442236, -0.148588, -0.125681], [0.283224, 0.856469, -0.655745, -0.232459, -0.434406], [-0.200018, 0.819261, -0.782208, -0.301495, -0.355126], [0.729198, -0.886417, -0.460993, 0.044449, 0.732258], [-0.042121, -0.854882, -0.839789, -0.202943, 0.532675], [0.263519, -0.149155, -0.326927, 0.902831, 0.791561], [-0.728475, 0.294228, 0.091346, -0.732189, -1.707316], [-0.139470, 0.718262, 0.925198, 0.228052, -1.209938], [-0.024905, -0.861513, 0.757953, -0.002753, -0.019351], [0.013279, -0.044178, -0.338522, 0.620535, -1.111627], [0.257504, -0.151578, 0.283814, 0.968745, -1.452208], [-0.526585, -0.718792, 0.391999, 0.803500, 0.826735], [-0.359402, 0.163635, -0.611269, 0.179218, -0.578761], [-0.076774, -0.716206, -0.973631, 0.633462, -0.849317], [0.418092, 1.033401, -0.824410, 0.082614, -0.749467], [-0.066821, -0.907251, 0.467199, 0.609547, -1.717569], [0.152712, -0.751332, -0.065343, -0.906034, 0.050078], [0.927401, -0.421912, -0.759825, 0.203175, 1.405809], [0.879947, 0.005741, 0.172572, 0.897646, -0.213810], [-0.786864, -0.725961, -0.843324, -0.761213, 0.536657], [0.180978, 0.771749, 0.228012, -0.621835, -0.233465], [0.697384, -0.165467, -0.536869, 0.229526, -0.559360], [0.047731, 0.869098, -0.413546, 0.541099, 0.121312], [0.521570, 0.368965, -0.853832, -0.937343, 0.266363], [0.002570, -0.425162, 0.841235, 0.665147, -0.407957], [0.864517, 0.813865, -0.133218, -0.707788, 1.147422], [0.880635, 0.599654, -0.112704, -0.322356, 0.568610], [0.007438, 0.229688, 0.519592, 0.552125, 0.129101], [-0.299875, 0.244001, -0.659065, -0.466848, 3.312477], [0.295846, -0.159374, -0.349715, -0.181136, 2.720662], [-0.703065, -0.423904, 0.552035, -0.348498, -0.846638], [0.917552, 0.359555, -0.680458, -0.249785, 2.108501], [0.552615, -0.712989, 0.175578, 0.716780, 1.849639], [0.892909, 0.836102, 0.648087, -0.278296, -0.417944], [0.767916, 0.676677, -0.844463, -0.373398, 0.998547], [0.091103, -0.483954, -0.986142, 0.996082, 1.660598], [0.467422, -0.927851, 0.081789, -0.859523, -1.768306], [-0.838708, -0.817744, -0.864455, 0.390310, 1.142826], [0.541006, 0.792520, 0.351706, 0.158137, 1.803903], [-0.326353, 0.890599, 0.441312, 0.801377, -0.393548], [0.409552, 0.876429, 0.616471, -0.028476, 0.440111], [0.804053, 0.437490, -0.136309, 0.846508, 1.714324], [0.932560, -0.020357, -0.486554, 0.209200, -0.816311], [-0.317733, -0.927774, -0.165499, -0.761852, 0.999230], [0.475896, 0.432562, 0.252808, 0.421564, -0.171882], [-0.060869, -0.389420, -0.877439, -0.031251, -0.919939], [0.734012, 0.803907, 0.089426, 0.257950, 0.060316], [0.603272, -0.247819, -0.592948, -0.597103, -0.457252], [-0.640551, -0.142296, -0.360291, -0.381767, -0.617398], [-0.514618, 0.218008, 0.057059, -0.318270, -0.242260], [0.120660, 0.666325, -0.989003, -0.870855, -0.076438], [0.007215, -0.481843, 0.620167, 0.819624, 0.659966], [0.616324, -0.139302, 0.830015, 0.379274, -2.027994], [-0.332317, -0.709557, -0.030830, -0.527868, -0.557003], [-0.055694, -0.647456, -0.009313, -0.189745, 1.505806], [-0.638818, 0.470404, 0.395546, -0.832611, -1.325776], [-0.624765, 0.266779, -0.130549, -0.185113, 0.083303], [-0.688844, 0.317695, 0.550661, -0.412097, 0.433312], [0.883250, -0.102778, -0.648244, -0.152160, -1.583797], [-0.839902, -0.194436, -0.605349, -0.401703, -0.702740], [-0.399610, -0.821090, -0.366987, -0.969593, 1.064636], [0.276282, 0.505847, 0.728624, 0.307759, -0.700477], [-0.536782, -0.234902, 0.672184, 0.058720, -0.372775], [-0.503478, -0.681594, 0.808897, 0.467849, 1.844263], [0.930372, 0.435091, -0.239025, -0.938414, -1.738387], [0.139453, 0.328135, 0.744784, 0.995755, 0.477793], [-0.552942, 0.792075, -0.993831, -0.217285, 0.376620], [-0.127152, 0.096911, 0.444146, 0.087552, -0.542452], [0.142503, 0.671992, 0.721698, 0.029677, -0.197059], [-0.478507, 0.206398, -0.037816, -0.216020, -1.161568], [-0.163908, -0.247236, -0.669769, 0.711641, -0.479516], [0.663934, -0.857598, -0.871984, 0.939445, -0.491373], [-0.522269, -0.499597, -0.849509, -0.179507, 0.854351], [-0.300277, 