{ "W" : { "x" : 3, "y" : [2, 2, 1], "values" : [[], [[0.355575, -1.271008, 1.351202], [0.411825, 2.632770, 2.746637], [0.612088, -2.705033, -2.744585]], [[-0.568159, 3.218132], [0.466108, 3.548074], [0.112482, -3.535222]]]}, "d" : { "size" : 3, "values" : [2.000000, 2.000000, 1.000000]}, "X" : { "x" : 3, "y" : [3, 3, 2], "values" : [[1.000000, 1.900000, 1.900000], [1.000000, -0.887134, 0.875252], [1.000000, -0.995283]]}, "deltas" : { "x" : 3, "y" : [3, 3, 2], "values" : [[0.000000, 0.000231, -0.000000], [0.000000, -0.000001, 0.000085], [0.000000, -0.000109]]}}
