{ "W" : { "x" : 3, "y" : [1, 3, 1], "values" : [[], [[-0.013950, -0.965297, -0.718509, -1.118547], [0.001881, -0.159234, 0.262363, -0.113061]], [[0.081900, 3.018596], [-0.968340, -1.037669], [-0.940813, 3.199241], [0.121126, -2.183869]]]}, "d" : { "size" : 3, "values" : [1.000000, 3.000000, 1.000000]}, "X" : { "x" : 3, "y" : [2, 4, 2], "values" : [[1.000000, 10.000000], [1.000000, -0.988063, 0.956674, -0.977989], [1.000000, 9.240309]]}, "deltas" : { "x" : 3, "y" : [2, 4, 2], "values" : [[0.000000, -0.000001], [0.000000, -0.000000, 0.000000, -0.000000], [0.000000, 0.000000]]}}
