{ "W" : { "x" : 5, "y" : [192, 4, 4, 4, 3], "values" : [[], [[-0.606408, -0.435870, -1.218750, -0.175350, -0.944914], [0.536398, -0.408065, 0.544657, -0.441577, -0.645618], [-0.330532, 0.353040, 0.136792, -0.829458, 0.787282], [-0.819237, 0.355137, 0.629830, -0.625076, 0.267200], [0.903833, -0.180823, 0.252372, -0.427432, -0.806129], [-0.804483, 0.680591, 0.120929, -0.307135, 0.209319], [-0.359444, 0.667721, 0.622407, 0.356670, -0.705067], [0.518294, -1.015635, 0.969840, -0.577686, -0.964619], [-0.332125, 0.749712, 0.564375, -0.719578, 0.723344], [0.899499, 0.565810, 0.530464, -0.546928, -0.833904], [0.463814, 0.078117, 0.538984, -0.233377, 0.120577], [-0.429900, 0.711238, 0.406646, -0.232065, -0.196054], [0.355925, -0.688733, 0.095053, -0.224804, -0.813172], [0.517255, -0.274920, -0.697111, -0.610955, -0.986021], [0.625585, 0.330539, -0.595687, -0.105355, 0.026662], [-0.874485, 0.115766, -0.068872, 0.652430, 0.071811], [0.462886, 0.031739, -0.641011, -0.630051, -0.693216], [-0.080369, 0.562935, -0.783734, -0.853354, 0.521583], [0.362920, 0.709953, 0.599486, 0.001866, 0.387749], [-0.162099, 0.334792, -0.432271, 0.166404, -0.608577], [0.571772, -1.410074, -0.961879, 0.567016, 0.163417], [-0.173134, 0.516837, -0.669920, 0.294174, 0.609140], [-0.738709, 0.810394, -0.685643, -0.619450, 0.853944], [0.136222, -0.398363, -0.128931, -0.020476, 0.250984], [-0.679843, 0.158543, -0.127760, -0.562449, -0.503777], [0.511976, -0.916512, -0.729645, 0.361012, -0.106924], [-0.177680, 0.902413, -0.671316, -0.704910, 0.102730], [0.705849, -0.152358, 0.193647, 0.594875, -0.550771], [0.482642, -0.178454, 0.752698, 0.628907, -0.105529], [0.642040, -0.048637, -0.030868, 0.086876, -0.393977], [-0.917658, -1.001433, 0.229430, -0.294182, -0.485734], [0.442014, 0.580048, -0.187519, -0.429951, 0.582253], [0.710404, 0.735641, 0.321741, -0.834829, 0.608103], [0.902298, -0.495558, 0.153959, 0.534969, -0.773238], [0.207464, -0.325017, -0.028879, -0.943168, -0.540006], [0.894171, 0.029871, -0.872134, -0.963917, -0.665480], [0.445339, 0.164072, 0.837896, 0.014486, 0.935202], [0.251289, 0.214845, -0.713464, 0.323385, 0.908380], [-0.966197, -0.050396, 0.496704, 0.340240, 0.215290], [-0.993550, -0.227821, -0.669368, 0.235923, 0.062367], [-0.530024, 0.658793, -0.128062, 0.799182, 0.748509], [-0.594349, -0.201030, -0.337308, 0.368970, -0.487236], [0.339554, 0.393593, -0.700687, -0.058907, 0.593162], [0.001598, -0.133323, -0.049783, -0.603320, 0.204197], [-0.883727, 0.375780, 0.296914, 0.661842, -0.154583], [-0.828009, -0.707623, 0.093842, 0.658055, -0.791039], [0.831359, -0.007421, -0.654002, 0.860596, -0.179944], [-0.225920, 0.514728, 0.037653, 0.965594, -0.596848], [-0.452626, -0.215508, 0.128308, 0.560708, 0.705469], [0.999678, -0.130943, 0.076588, 0.424691, 0.722220], [-0.470205, 0.331571, 0.318687, -0.073794, -0.697561], [0.604910, -1.054073, -0.335599, -0.546789, -0.189051], [0.868310, -1.329529, 0.450359, -0.328932, 0.091528], [-0.134366, -0.959272, -0.801039, -0.144539, 0.265179], [-0.940185, -0.030258, -0.881984, 0.509411, -0.071292], [-0.580077, 0.470707, 0.387965, 0.268979, -0.955855], [0.186981, -0.274095, -0.449266, 0.061037, 0.620040], [0.316906, -0.703077, -0.211649, 0.906428, -0.909132], [-0.981300, 0.278091, 0.538251, -0.178472, 0.300921], [0.281202, 0.777984, 0.238027, -0.754189, -0.247692], [0.968271, 0.905184, 0.530634, -0.689047, -0.901679], [0.452757, -0.034762, 0.650670, 0.618935, 0.080581], [-0.044092, 0.153353, -0.704310, -0.542840, -0.906271], [-0.237333, -0.224670, 0.692539, 0.569715, -0.614673], [0.497781, -0.548740, -0.186135, 0.082906, -0.508270], [0.759563, 0.142815, 0.785020, 0.111959, 0.303896], [0.971300, 0.287419, 0.661202, -0.102279, 0.234063], [-0.341655, 0.228132, 0.688523, 0.230646, 0.106099], [0.816013, -0.096621, 0.377540, 0.902261, -0.699094], [0.976122, 0.755147, 0.921620, 0.004805, -0.052847], [0.624907, 0.210417, 0.772375, -0.209634, 0.900541], [0.708717, -0.067216, 0.045360, 0.438600, 0.394352], [-0.601306, 0.782751, -0.379609, 0.576827, 0.240098], [-0.308253, 0.267546, 0.555702, 0.957017, 0.535239], [-0.613702, -0.468916, -0.588632, -0.364438, 0.720938], [-0.382380, 0.587748, -0.354477, 0.562384, 0.629635], [0.206983, 0.861442, 0.985565, -0.010975, 0.784062], [0.331846, -0.837196, -0.907468, 0.062921, 0.028695], [-0.683422, -0.975051, -0.062400, -0.457032, 0.447140], [0.473840, 0.166902, -0.230114, 1.130120, -0.382225], [-0.454980, -1.290612, 0.233903, -0.246303, -0.796355], [-0.593930, -0.793486, -0.574210, -0.424453, -0.115287], [-0.376268, -0.686235, 0.836826, 0.190459, -0.508033], [0.675742, -1.058242, -0.638831, 0.313651, 0.578838], [-0.673397, -0.427514, -0.868601, -0.350706, -0.499986], [-0.592775, 0.506820, 0.805657, 1.116822, -0.884138], [0.949805, -1.620393, 0.767044, 0.396318, 0.023410], [0.013405, -1.084716, 0.796208, -0.407024, -0.703798], [-0.936573, 1.473137, -0.346179, -0.280562, 0.050455], [-0.008928, -0.668384, 0.208429, -0.503448, -0.187471], [-0.842416, -0.613746, 0.047762, -1.046430, 0.849932], [-0.261694, -0.147850, -0.262554, 0.675577, -0.526979], [0.258167, -0.707887, -0.376863, 0.419565, -0.742389], [0.219273, -0.460444, -0.011301, -0.370617, 0.893388], [0.964456, 0.745049, -0.452982, 0.709507, 0.449419], [0.023978, 0.795323, -0.303002, 0.005450, -0.782675], [0.759029, -0.465487, 0.635161, -0.208932, 0.342239], [0.969489, 1.360992, 0.213416, 0.711356, -0.377486], [0.792075, 0.543136, -0.529050, -0.356825, -0.019244], [-0.581656, 0.461289, 0.059308, -0.538673, 0.152177], [-0.789073, 2.593446, 0.535594, 1.041724, 0.085211], [-0.278746, 1.277795, 0.865537, -1.629684, 0.143986], [-0.079377, -0.143202, -0.011782, -0.889345, -0.359929], [0.984886, 1.366044, 0.529195, -0.172290, 0.875334], [0.024853, 1.116053, -0.858234, 0.137447, -0.434100], [0.377360, -0.784627, 0.875965, -0.563591, -0.394402], [0.145131, -0.228250, -0.480370, 0.242215, -0.705867], [0.165196, 1.584152, 0.705723, -0.014623, -0.129402], [-0.723864, -1.469617, 0.342717, 0.070976, -0.979244], [0.852084, 0.131726, 0.204171, 0.748222, -0.865074], [-0.735905, 0.978744, -0.305263, 0.350035, -0.981646], [-0.828903, -1.334323, 0.599461, -0.074989, 0.213750], [0.693308, 0.778320, -0.749816, 0.641495, -0.815950], [0.218460, 0.367033, 0.368258, -0.675340, -0.488337], [0.782944, -0.138309, -0.019390, -0.757354, 0.723498], [-0.207298, -0.033119, -0.675405, -0.068814, -0.226282], [-0.559488, -0.265900, -0.537228, 0.117588, 0.072700], [0.463338, -0.011340, -0.655835, 0.660536, 0.389730], [0.471967, 0.907519, 0.773685, -0.451481, -0.539323], [-0.974456, -0.643156, 0.871806, 0.012144, -0.602077], [0.391077, 0.491206, -0.991033, 0.094262, 0.087389], [0.518622, -0.405940, -0.166193, 1.626490, -0.591576], [-0.465908, 0.121389, 0.077447, -0.379727, -0.437201], [0.538350, -0.250388, 0.403357, 0.164171, -0.819223], [0.205004, -1.767653, -0.158256, -0.451056, 0.248632], [-0.633036, 0.461687, 0.722376, 0.190497, 0.684363], [0.903826, 0.535403, -0.799306, -0.440196, 1.017166], [0.620183, -1.325660, -0.209917, -0.373903, 0.801572], [-0.693792, 0.053031, -0.460639, -0.214470, -0.702248], [-0.099959, 0.562562, 0.555020, -1.012209, 0.218623], [0.826652, -1.510192, 0.028359, -0.261026, -0.808938], [-0.486194, -0.842608, 0.840604, 0.055649, -0.843312], [-0.218501, 1.178673, -0.317361, 0.554496, 0.107555], [0.048648, -1.986162, 1.052317, -0.670068, 0.905239], [-0.168475, 0.493131, -0.225690, 0.685588, 0.855547], [-0.507442, 1.618994, 0.098117, -0.140654, -0.353709], [-0.169898, -1.212432, -0.317968, -0.307942, 0.239997], [0.601667, 0.692923, -0.770857, 0.205349, -0.662467], [-0.739669, 0.401234, 0.326401, 0.092985, 0.783806], [-0.835748, -0.123370, -0.040372, 0.823550, -0.526003], [0.699672, -1.025066, 0.024787, 0.507672, 1.062766], [-0.913830, -0.221127, 0.768436, 0.961092, 0.443973], [-0.711974, -0.449840, -0.765541, 0.854336, 0.799024], [-0.213620, 0.829761, 0.956157, -0.061625, -0.879614], [0.467885, -0.771809, -0.694875, 0.659378, 0.973005], [0.808221, 1.807775, 0.273456, -1.155606, 