{ "W" : { "x" : 4, "y" : [192, 4, 4, 3], "values" : [[], [[0.042448, -0.795663, 0.135950, 1.670275, 0.413366], [-0.683974, 0.587237, 0.080377, 0.213414, -0.874184], [-0.699312, -0.854707, -0.066079, 0.217006, 0.427004], [-0.128756, 0.397647, 0.735289, 0.840023, -0.739916], [-0.775918, 0.399958, -0.503271, 0.893446, -0.292360], [-0.229747, 0.613853, 0.567861, -0.313450, -0.312184], [0.394202, 0.395826, 0.490422, 0.528828, -0.701580], [-0.161646, -0.025800, 0.921205, 0.061856, -0.152253], [0.173236, -0.496878, -0.402558, -0.778007, 1.011415], [-0.773664, 0.618710, 0.741432, -0.381578, 0.928355], [-0.367983, 0.322865, -0.946056, -0.131455, -0.042700], [0.011583, 0.284764, -0.119668, -0.386156, 0.007833], [0.785955, -0.526567, -0.572483, -0.295119, -0.175814], [-0.378459, -0.593236, 0.456161, -0.094469, 0.309569], [-0.185804, -0.210953, 0.884644, -0.938534, 0.196915], [-0.610789, 0.133260, 0.277308, -0.181749, 0.817561], [0.481504, 0.066335, -0.409460, -0.230122, 0.302949], [0.368340, 0.939697, 0.545983, -0.615162, -0.455401], [-0.583459, 0.491295, 0.866523, 0.501344, -0.649489], [-0.402564, -0.193635, 0.501247, 0.144888, -0.714235], [0.138293, -0.645072, -0.597666, 1.108609, 1.462044], [0.505632, -0.651318, 0.376963, -1.100755, -0.589230], [0.848460, 0.995750, -0.680610, -0.739800, 0.214651], [-0.390022, 0.177942, 0.781623, -0.339043, 0.825352], [-0.847598, 0.486918, 0.015056, 0.751615, 0.085259], [-0.471996, -0.044185, 0.158932, 0.421851, 0.826353], [-0.964426, -0.836135, -0.069137, -0.193212, -0.010230], [0.700510, -0.216660, 0.621135, -0.168220, -0.695743], [-0.829815, -0.047790, 0.703722, 0.791294, 0.306514], [0.548664, 0.570037, -0.799389, -0.115410, -0.706109], [0.383473, 0.947043, 0.119356, -0.979367, 0.762559], [-0.256186, -0.917237, 0.902916, 0.254321, -0.161711], [0.889687, -0.752751, -0.609454, -0.679889, -0.161086], [-0.950738, -0.311668, 0.140695, 0.438801, -0.563422], [0.272188, -0.498032, 0.302610, 0.644190, -0.777461], [0.063898, 0.566900, -0.585962, 0.956666, 0.110251], [-0.333789, -0.439003, -0.376349, -0.498606, 0.738168], [0.615011, 0.489311, 0.317827, 0.092952, 0.427097], [-0.890568, -0.531402, 0.737696, 0.583012, -0.470415], [0.681877, -0.868532, -0.955274, 0.889107, 1.177527], [-0.120154, -0.849995, 0.231398, 0.776408, -0.822600], [-0.558559, 0.061395, 0.330724, 0.260999, 0.758030], [0.893870, -0.439402, 0.392553, -0.285962, 0.631421], [-0.938590, -0.503658, -0.432362, 1.138254, -0.057018], [0.659913, 0.314877, -0.423563, 0.005772, 1.212215], [-0.430360, 0.472855, 0.027226, 0.766571, 0.772274], [0.654061, 0.215213, -0.510798, -0.400377, 0.577219], [0.315354, 0.823386, 0.129130, -0.641819, -0.139940], [0.830776, -0.807373, -0.734511, 0.030845, 0.834934], [-0.913738, 0.284519, -0.464781, 0.891520, -0.308368], [0.125854, -0.851807, -0.111962, -0.578087, -0.585019], [0.027003, -0.290715, -0.169665, -0.765778, 0.331128], [-0.777343, 0.926308, 0.310005, -0.153749, -0.263389], [-0.013220, -0.695770, -0.560070, 0.738322, -0.269221], [-0.489592, 0.575637, -0.054655, -0.860206, -0.261527], [-0.374947, 0.909676, 0.266803, 1.341158, 0.770374], [0.743823, -0.372940, -0.997568, 0.103036, -0.686256], [0.404123, 0.672887, -0.891258, -0.115629, -0.335230], [0.423798, 0.370727, 0.149635, -0.487454, -0.590193], [-0.459077, -0.373024, 0.447905, -0.805122, -0.549043], [-0.417258, -0.098680, -0.321572, -0.212959, -0.839385], [0.495656, 0.312579, -0.414009, -0.295081, 0.652350], [-0.813014, 0.342090, 0.875948, 0.846427, 0.371755], [0.109792, -0.945756, 0.702812, -0.969657, -0.194180], [0.589902, -0.047040, 0.305680, 1.366863, -0.659226], [0.605544, -0.503833, -0.699417, -0.632415, -0.821692], [-0.004565, 0.954223, -0.287181, -0.350867, 0.533608], [0.549798, -0.782364, -0.357539, -0.047043, 1.056821], [-0.741726, -0.020146, 0.220919, 0.575927, 0.258194], [0.419312, 0.154275, 0.927096, -0.295258, 0.426429], [-0.728531, 0.755539, 0.894257, -0.372966, -0.755815], [-0.576516, -0.180832, 0.045949, -0.448985, -0.683170], [0.684981, -0.557508, 0.404759, -0.887624, -0.273246], [-0.970922, -0.543983, -0.238371, 1.536921, 0.258920], [0.890068, 0.932990, 0.254074, 0.457545, 0.069322], [-0.329414, 0.412760, -0.434061, 0.406386, 0.578797], [0.772250, -0.575285, -0.210758, -1.218223, 2.145781], [-0.974754, -0.272491, 0.481016, 1.229128, 1.342177], [-0.399166, -0.773336, 0.026193, 1.843250, 0.707516], [-0.080115, -0.451050, -0.910684, 1.223855, 0.083191], [-0.771239, 0.796906, 0.119356, 0.810323, 0.755603], [0.146222, -0.317765, -0.736712, 1.692376, 0.130536], [-0.436041, -0.240843, -0.054832, 0.113061, 0.399118], [-0.212301, 0.304846, 0.421970, 0.763528, -0.906618], [0.403113, 0.318945, -0.239289, -0.092381, -1.088259], [0.059930, -0.902681, -0.110298, -0.351396, -0.434215], [-0.202774, 0.778725, 0.918202, 0.087167, 0.007180], [0.259676, -0.825632, 0.490873, 0.145651, 0.527316], [-0.581917, 0.265445, 0.508785, 0.201025, 0.225811], [-0.549503, 0.168421, -0.007758, -0.710604, -1.263060], [0.564992, 0.460425, 0.284390, 1.728558, 0.011139], [-0.467098, -0.608150, 0.997660, -0.293439, 1.055349], [-0.028689, 0.418014, -0.623431, 0.817922, 0.233702], [-0.145236, -0.274431, -0.984307, 0.350645, 0.743509], [0.312607, -0.678420, -0.845172, -0.846098, -0.413765], [-0.489113, 0.855826, -0.047325, -0.907641, -0.510228], [-0.706700, -0.307090, -0.278496, -0.058434, 0.968401], [-0.869555, -0.399787, 0.398291, -0.407627, -0.591921], [-0.709630, -0.124326, 0.361029, -1.729579, -0.255256], [-0.203560, 0.542798, 0.189603, 0.232200, -0.357127], [0.524566, -0.067703, -0.546237, -1.656247, 1.461305], [-0.946867, -0.879122, 0.283753, -2.657564, -0.878054], [0.261829, -0.769886, 0.288603, 1.448351, -0.848177], [-0.119706, -0.715723, 0.362332, -1.664549, -0.318734], [0.944199, 0.173209, 0.359909, -1.541445, -1.018792], [-0.633500, 0.382539, 0.030223, 0.602168, 0.476660], [0.137129, -0.472359, -0.995295, -2.347515, 0.117724], [-0.152033, 0.136786, -0.794019, -1.635083, -0.572217], [-0.883243, 0.061988, -0.329056, 1.518137, 0.290721], [-0.816250, 0.503307, 0.248886, -0.473275, -1.559760], [0.651963, -0.286974, 0.332405, -0.340814, -0.374407], [0.587118, 0.626710, -0.462120, -0.111306, 0.699366], [-0.325613, -0.373305, 1.057410, -0.198281, -0.184167], [0.046311, -0.314147, 1.024029, -1.407317, -0.901826], [0.353474, 0.462495, 0.194245, 0.966189, -0.787031], [0.875739, 0.332627, 0.175444, 0.431324, -1.057976], [0.902818, 0.395550, 0.047998, 1.815289, -0.942013], [-0.807058, 0.828864, 0.540979, 0.718347, -0.211696], [-0.557662, -0.680964, 0.131963, 0.251914, 0.344457], [0.128394, 0.632386, -0.018875, 0.244875, -0.755139], [-0.972820, -0.444360, 0.272198, 0.959031, 0.595236], [0.308577, 0.717479, 0.116765, 0.252901, 0.292073], [-0.721490, 0.114405, -0.789962, -0.427243, -0.077658], [0.372138, -0.470471, -1.106444, 0.375835, 0.147767], [0.826788, 0.165101, -0.393447, -0.052672, 1.526393], [0.280958, -0.996967, 0.020157, -0.769118, -1.147023], [0.566104, 0.837523, 0.177307, -0.367692, -1.012397], [0.551720, -0.764529, -0.666608, 0.486476, 1.580901], [0.557001, 0.039742, -0.566225, -0.946808, 0.288550], [0.925224, 0.358073, 0.846368, -0.080966, -0.342530], [0.694454, 0.130093, 0.099402, -0.017331, -0.263166], [-0.492930, 0.617593, -0.386025, 0.824578, 0.880119], [-0.084305, -0.943081, 0.080341, 0.042174, 0.898405], [0.492482, -0.547090, -0.510170, 1.171637, -0.153203], [-0.391340, 0.986016, 0.234790, -1.058290, -1.607359], [0.686451, -0.397596, -0.321621, -1.913866, 0.409419], [0.215654, -0.304840, 0.890082, 1.122205, 0.370406], [-0.023793, 0.734024, -0.363580, -0.503463, -0.407789], [-0.755863, -0.086100, -0.328649, -0.224665, 0.650266], [-0.720554, -1.011373, 0.398310, -0.489059, 0.895787], [-0.041058, -0.684445, 0.721787, 0.918312, 0.395007], [-0.745714, 0.982301, 0.072915, -0.220652, -0.104526], [-0.014235, -0.789728, 0.551027, 0.360591, 0.303263], [-0.135714, 0.412911, 0.424477, 0.612314, 0.008379], [-0.143323, 0.907641, 0.375383, 0.978631, 0.144978], [0.310637, -0.270147, 0.510875, -1.222316, 