{ "W" : { "x" : 4, "y" : [192, 4, 4, 3], "values" : [[], [[0.364179, 1.092940, -3.581753, -1.083280, 0.061857], [0.322364, 0.663058, 0.022809, -0.564782, 0.322612], [0.661018, 0.588159, 0.009233, -0.184504, 0.433723], [-0.132417, 0.635099, -1.344040, 0.572689, 0.078446], [0.725276, -0.718221, -1.275056, -0.095238, -0.362573], [-0.933013, -0.179748, -0.992572, -0.618107, 0.066040], [-0.646135, 0.490732, -2.637901, 1.024478, 0.273159], [-0.335788, 0.350373, 0.414176, 0.533517, 0.411825], [-0.266267, -0.200391, -1.680332, -0.517781, -0.270745], [0.092165, -0.161446, -2.300812, 1.525006, 0.875448], [0.011942, -1.015276, -0.730090, -0.149347, 0.360039], [0.833565, 0.107900, 0.230170, -0.216202, 0.615651], [-0.736977, -0.701425, -1.955937, 1.347764, 0.996366], [-0.630144, 0.502636, 0.088808, -0.761463, 0.591205], [0.697422, 0.235448, -1.158819, -0.127367, 0.665885], [0.543099, 0.144877, -1.300036, 1.510097, -0.972798], [-0.071759, -0.300988, 0.336543, 0.359712, 0.291527], [-0.489151, 0.595481, -0.988452, -0.487196, 0.829063], [-0.903433, -0.545792, -1.107410, 0.502779, 0.831964], [0.903328, -0.572240, -0.582454, 0.097632, -0.011681], [0.836554, -0.273880, 0.045233, -1.247850, 0.953759], [0.532887, 0.167176, -0.399017, -0.046934, -0.619891], [0.348448, 0.899911, 0.985304, 0.749558, 0.985102], [-0.301334, 0.606272, -0.241300, 0.611399, 0.893208], [-0.207602, 0.960433, -0.634933, 0.684702, 0.203634], [0.400330, 0.265741, -0.219349, 0.557538, -0.173219], [-0.149324, 0.173432, 0.143134, 0.108915, 0.351672], [0.645540, 0.001943, -0.831565, 1.077263, -0.887025], [-0.544255, -0.191063, 0.303695, 0.735665, -0.089549], [-0.147988, 0.249875, -0.058022, 0.475469, -0.646627], [0.917911, -0.394153, -1.114097, 1.227722, 0.167649], [0.751723, -0.429250, -0.791808, 0.740072, 0.702445], [-0.756466, 0.050856, -0.606256, -0.108692, -0.488212], [-0.643113, 0.454074, -1.514854, 1.391585, -0.442978], [0.502194, -0.894760, -0.328157, 0.127541, 0.990221], [0.942033, 0.867832, -1.681020, -0.333720, 0.555564], [0.636817, -0.491042, -2.759812, 0.059372, 0.027567], [0.288993, -0.251619, -0.276724, 0.147221, 0.124023], [0.616320, 0.170335, 0.173061, -0.658311, 0.797452], [-0.767773, -0.755528, -3.000291, 0.944150, 0.828630], [-0.441677, -0.867688, -0.013727, 0.644449, -0.643317], [-0.915619, 0.873623, -0.640814, 1.078213, 0.710360], [-0.501136, -0.662739, -1.029294, 1.347444, -0.713507], [-0.362639, 0.415649, -0.782132, -0.721263, -0.290972], [0.363985, 0.622383, -0.043637, -0.743567, -0.979230], [0.474052, 0.955570, -1.412780, 0.564846, 0.164485], [0.211494, -0.698422, 0.548674, 0.515075, -0.120226], [0.882021, 0.998016, 0.265604, 0.628812, -0.142287], [0.901868, -0.919275, 0.759924, 0.911632, -0.114300], [-0.347348, -0.046500, -0.223764, 0.210360, -0.261627], [-0.111456, 0.863725, -0.920564, 1.046861, 0.053710], [0.833958, 0.815035, -2.141933, 1.417721, 0.843715], [0.819273, 0.014271, -1.469514, -1.201144, 0.280761], [-0.184554, 0.801148, -1.485394, 0.966810, -0.252377], [-0.912007, 0.722573, -1.705826, 0.703150, -0.868804], [-0.494321, -0.846600, -1.379856, -0.707664, -0.248477], [0.920951, -0.613447, -2.338172, 0.906343, 0.947845], [0.946706, -0.639159, -1.679465, 0.579299, 0.411014], [0.426323, -0.907545, -2.136392, -1.580517, -0.591641], [0.928359, -0.644665, -1.439880, 0.009790, -0.755238], [0.645346, -1.010484, -0.660496, 2.164972, -0.612523], [0.189899, 0.644791, -1.639458, -0.647774, -0.727615], [-0.542289, 0.190237, 0.114674, 0.330134, 0.177071], [0.073118, -0.731482, -1.578722, 2.200655, -0.056109], [-0.135244, -0.036526, -3.198139, -1.291715, 0.137018], [-0.566781, -0.775532, -2.354374, -0.832807, -0.631614], [-0.298914, -0.429063, -1.574397, 0.721236, 0.980138], [0.805868, -0.057620, -2.315198, 0.485556, 0.110552], [-0.149178, 0.874540, -0.522734, -0.229998, -0.405266], [0.208975, 0.645853, 1.254695, 1.664683, 0.743678], [-0.199230, -0.296091, 0.748851, 0.453671, -0.637500], [-0.932958, -0.906267, 0.315663, 0.259668, 0.644335], [-0.936851, -0.076305, -0.520735, 0.640709, -0.027284], [0.977915, 0.080369, -2.268389, -0.774073, 0.163517], [-0.066863, -0.605614, -2.144897, -2.573835, 0.358975], [0.614764, -0.186217, -2.406240, 0.147105, 0.336469], [-0.032201, -0.203364, 0.712432, 0.476362, 0.209848], [0.440097, -1.058738, -1.057847, 0.054070, -0.565515], [-0.336938, -1.272392, -4.109281, -2.342938, 0.995438], [-0.725756, -0.668970, -1.572429, -1.748035, -0.326743], [-0.502005, -0.151203, -1.016408, -3.034116, 0.401893], [0.106493, 0.001693, -0.828363, -2.183796, 0.717266], [-0.629993, 0.660383, -2.059700, -0.938406, 0.827056], [-0.854320, 1.250652, -0.458417, -1.489265, 0.670770], [0.917603, -0.340489, -0.735553, -3.974844, 0.127208], [0.966463, 0.654932, -1.152314, 1.044980, 0.461813], [-0.314606, 0.991098, -2.189355, -0.793309, -0.101657], [0.931329, 0.221649, -2.552540, -3.375293, 0.688096], [-0.710439, -1.111487, 1.085910, 0.582372, 0.364880], [0.242913, -0.921242, 1.994159, -0.794098, -0.891236], [-0.619610, 0.001315, -0.922610, -1.906154, -0.138220], [-0.973186, -1.043540, 0.339231, -1.317432, 0.392533], [0.430255, -0.568767, -2.643142, -1.114988, 0.356952], [-0.687930, 0.656562, -1.460847, -2.132991, -0.746088], [0.827807, -0.359515, 0.524245, 0.327336, -0.064714], [-0.260476, -0.702691, 0.971446, -0.131505, 0.974944], [-0.171034, -0.422178, -0.517764, 0.487930, 0.788884], [-0.132303, -1.470996, 2.651005, 3.750937, 0.183090], [0.372240, -0.081784, 2.401314, 4.192643, -0.101174], [-0.977212, -0.071094, 1.374781, -0.527924, 0.391362], [-0.769549, -0.356228, 5.691082, 5.786047, 0.677323], [-0.824889, 0.108042, 6.705537, 2.452985, -0.526714], [-0.958925, -0.444269, -0.375510, -4.601170, -0.380399], [0.349937, 1.096616, 6.396452, 0.774707, 0.218330], [0.508559, 0.781208, 4.657823, 3.174255, -0.437521], [0.924631, -0.647897, -3.316403, 0.856370, -0.876250], [-0.400914, 1.139078, 5.808095, 3.656375, 0.915965], [0.401034, -0.427527, 3.323974, 0.765256, -0.866373], [0.610919, 0.796350, -2.806402, -3.876238, 0.972698], [-0.148059, 0.402484, 2.611060, 5.005185, 0.264607], [-0.128054, 0.879974, 3.719142, 1.981156, 0.522781], [0.932443, -0.610541, -0.901373, -3.961773, 0.335030], [0.810649, -0.070320, 3.159744, 3.193271, -0.962780], [0.136074, -0.565412, 5.332684, 1.284252, -0.116985], [0.870125, -0.351363, 1.400997, -0.938637, -0.861353], [0.116284, -0.544872, 1.776605, 2.200569, 0.988735], [0.728913, -1.100836, -3.562163, -1.219498, -0.149970], [0.439043, -0.301440, -1.475448, -2.854603, -0.425689], [-0.107530, 0.581101, 0.874936, -0.416231, -0.404729], [-0.993618, -0.372792, 0.503294, 0.097909, 0.151472], [0.070638, -0.846529, 0.750293, -0.750463, 0.141555], [0.702468, 1.304373, -0.692651, 0.040957, 0.611331], [0.088559, 0.349370, 2.409469, 0.513805, 0.168591], [0.790159, 1.010643, 0.861211, -0.206265, 0.271196], [0.077969, 1.081921, -2.343911, -0.718503, 0.406471], [0.852333, -0.405258, 0.738951, 0.806612, -0.109988], [0.911718, -0.654314, 2.517619, 2.066651, -0.375323], [-0.248498, 0.686596, -2.082170, -3.435404, -0.343716], [-0.116491, 0.441177, 1.238201, 1.159728, -0.143172], [0.996605, 0.532178, 1.181935, 2.873966, 0.404990], [0.306819, -0.424341, -1.273858, -3.072172, -0.486126], [0.215259, 0.350793, 1.013937, -0.594839, -0.299896], [-0.619773, 0.609912, 0.773613, 2.796108, 0.168142], [-0.019528, 0.210460, -1.708212, -1.558054, 1.016264], [0.982217, -0.491685, 4.701548, -2.294349, 0.852448], [-0.770775, -0.819459, 5.372538, -0.920320, 0.296447], [-0.464755, 0.695298, -1.074232, -2.914104, -0.543554], [-0.045126, 0.637550, 2.118516, -1.573459, -0.008843], [-0.987315, -0.241484, 1.543056, 0.851687, -0.020804], [0.291290, 0.347229, -0.515347, 3.437500, -0.564952], [-0.862757, -0.965194, -2.749244, -0.651831, 0.768935], [0.446758, 0.552500, -1.665246, -3.170514, -0.008509], [0.225652, 0.346843, 0.271534, 0.182252, 0.612082], [0.353752, -0.159796, -0.916124, -0.921957, -0.685921], [0.352780, 0.146225, -0.550388, -0.108967, 0.998464], [-0.541557, -0.325244, 5.628238, 3.664745,