{ "W" : { "x" : 4, "y" : [192, 4, 4, 3], "values" : [[], [[0.197315, -0.070953, -0.279269, -0.197934, -0.617309], [-0.627499, 0.681557, 0.498545, -0.315044, 0.107361], [0.815508, -0.189148, -0.298317, 0.927218, -0.080521], [-0.547433, 0.900131, -0.524564, 0.484319, -0.394527], [-0.007908, 0.084026, 0.883439, -0.980440, 0.264483], [-0.547769, -0.886476, -0.242488, -0.915066, 0.309043], [-0.276484, 0.323540, -0.761742, -0.826250, -0.254545], [-0.328155, -0.430845, 0.045368, 0.294369, 0.771112], [-0.441432, -0.363220, -0.173036, 0.987318, 0.974755], [0.768578, 0.752835, 0.179680, 0.193249, -0.036490], [0.926367, -0.500674, -0.866808, 0.744537, 0.996833], [-0.296177, 0.368699, 0.476272, 0.098939, -0.368948], [-0.109055, 0.681705, 0.151152, 0.639538, 0.408262], [-0.096086, 0.830896, 0.965999, 0.933549, 0.363575], [-0.717974, 0.577752, 0.055677, -0.534387, -0.299553], [-0.812916, -0.689267, 0.022374, -0.498362, 0.807780], [0.366635, -0.164545, -0.878313, 0.309495, -0.058415], [0.830429, -0.011541, -0.064598, -0.331758, 0.451383], [-0.467670, -0.817273, 0.720275, 0.430660, -0.400212], [-0.537529, 0.753014, 0.814533, -0.597532, -0.527315], [0.793029, 0.843754, 0.508719, -0.266315, 0.770398], [-0.148929, 0.240576, -0.296269, -0.645972, -0.016323], [0.934900, -0.472143, 0.281789, 0.633492, 0.539047], [-0.710356, 0.367000, 0.126064, 0.873833, 0.509833], [-0.656819, 0.683822, -0.245591, 0.293966, -0.884780], [-0.499888, -0.518115, -0.986641, -0.584235, 0.346429], [-0.480139, 0.944043, -0.850377, 0.669866, 0.356708], [0.191668, -0.926714, -0.455182, 0.865291, 0.382137], [0.938099, 0.372629, -0.188616, -0.658383, 0.033727], [-0.367396, -0.310730, 0.949716, 0.510138, -0.481291], [0.124027, 0.642308, -1.034913, 0.620130, 0.511688], [0.576554, 0.578834, -0.881608, 0.152373, 0.673768], [0.067995, -0.344340, 0.916935, 0.369940, -0.921910], [-0.449930, 0.993024, 0.621795, 0.069830, -0.715611], [0.744272, 0.059062, -0.035106, 0.997511, 0.186123], [-0.774896, -0.997306, -0.995891, 0.339770, 0.464292], [0.416277, 0.199554, 0.738098, -0.576048, -0.839935], [0.005891, -0.376296, 0.355594, -0.753898, 0.175118], [0.981973, 0.128187, 0.466261, -0.739042, -0.057050], [0.991040, 0.455395, 0.358614, -0.892938, -0.675301], [0.230682, -0.653755, 0.023968, 0.452902, 0.085989], [-0.974582, -0.119848, -0.362746, -0.292129, -0.461883], [-0.695935, 0.382564, 0.175443, 0.048224, -0.285596], [-0.722645, 0.718932, 0.661954, -0.118168, 0.383281], [-0.091044, -0.562278, -0.644741, -0.713225, 0.343757], [0.405852, -0.859644, -0.354755, 0.154426, 0.503629], [0.510681, 0.389125, -0.878292, 0.552912, -0.540154], [0.992989, -0.770187, 0.056708, -0.798424, -0.513696], [-0.860346, -0.977412, -0.732443, -0.342098, 0.884378], [0.969351, -0.710466, 0.001484, -0.938890, 0.385873], [0.436334, -0.576343, 0.459701, -0.947153, 0.447482], [0.313518, -0.992071, -0.187002, -0.277201, -0.842186], [0.692687, 0.269302, 0.378382, 0.942254, -0.841946], [-0.989712, 0.817123, 0.132266, 0.765191, 0.775259], [0.327517, 0.380796, -0.947047, -0.294998, 0.854228], [0.652917, 0.303801, -0.818957, 0.194893, 0.040748], [0.471917, 0.313656, 0.545771, -0.020344, -0.114305], [0.231446, -0.426576, 0.155087, -0.202598, -0.272301], [0.365253, 0.572135, 0.907703, 0.510836, 0.749192], [-0.158120, -0.037902, 0.516600, -0.277106, 0.727553], [0.349847, -0.612071, 0.475326, -0.155459, 0.800858], [-0.722785, -0.375264, -0.662880, 0.957219, 0.496261], [-0.962297, -0.964210, -0.654702, -0.451710, -0.163528], [0.326252, 0.530414, 0.081796, 0.914728, -0.584409], [0.878017, 0.771353, -0.499089, -0.312730, 0.851500], [-0.999463, 0.402563, -0.317129, -0.596237, -0.400952], [0.230507, -0.710983, 0.033127, -0.544027, -0.287921], [-0.731845, -0.998552, 0.866252, 0.386546, 0.846124], [0.323650, -0.415892, 0.600192, 0.696466, -0.917549], [-0.953057, -0.822466, 0.210704, 0.318812, -0.974761], [-0.198328, -0.466118, 0.551005, -0.116281, -0.814153], [-0.807517, -0.576693, -0.070778, -0.872174, 0.168176], [0.235949, 0.633107, -0.957622, 0.805112, 0.255953], [-0.916451, 0.008564, -0.113920, -0.274472, -0.613363], [0.363073, -0.285618, -0.035262, -0.370501, -0.280157], [0.780411, 0.995006, 0.969830, 0.376678, -0.886398], [-0.708776, 0.956937, -0.185100, 0.746885, -0.972021], [-0.594685, 0.092458, 0.426390, 0.599509, 0.692784], [0.336080, -0.016362, 0.079348, 0.040824, -0.146511], [-0.153911, 0.023566, -1.271622, 0.432697, 0.714857], [-0.742533, -0.888993, -0.331764, 0.401464, 0.299181], [-0.832752, 0.561035, -0.157158, -0.860995, 0.173757], [-0.204043, 0.213193, -0.242912, -0.796981, 0.282782], [-0.913970, 0.740177, 0.395352, -0.152858, -0.856368], [-0.730408, 0.163955, 0.765227, 0.473440, -0.409486], [0.635643, 0.343860, 0.266329, 0.612690, 0.021856], [0.643206, 0.429848, -0.658699, -0.980070, -0.623496], [-0.096818, -0.259790, 0.574067, -0.430960, 0.922511], [-0.460256, -0.579821, -0.902699, -0.892088, -0.706405], [-0.590786, -0.547684, -0.423262, -0.694488, -0.643401], [0.827331, -0.113048, -0.194002, -0.380945, -0.872843], [-0.272350, -0.071867, 0.814831, -0.138994, -0.174151], [0.510127, -0.697156, -0.457920, 0.160128, -0.906460], [-0.339157, 0.088182, 0.998506, -0.669483, 0.913710], [0.009084, -0.322541, 0.754126, 0.136529, -0.570061], [0.605972, -0.954147, 0.676118, -0.825310, 0.670445], [0.776327, 0.831228, 0.469291, 0.300454, 0.961071], [0.292696, -0.328095, -0.302112, 0.815598, 0.445790], [0.537387, 0.149794, -0.730447, -0.043976, 0.658705], [-0.374087, 0.304722, 0.636606, -0.027804, 0.486059], [-0.049313, -0.199970, -1.105746, -0.082784, 0.303072], [0.175562, -0.712929, 0.336135, -0.593336, -0.256273], [-0.976226, -0.743400, -0.467717, -0.573000, 0.213012], [0.100590, 0.425881, 0.545854, 0.213195, -0.646887], [0.765558, 0.870286, -1.043536, -0.423176, -0.567369], [-0.310443, -0.725327, 0.674742, 0.436982, 0.183761], [-0.482973, -0.151661, -0.419683, -0.744785, -0.102134], [0.344839, -0.645142, 0.830809, 0.132783, -0.041777], [0.058204, 0.615437, 0.944139, -0.805934, 0.265634], [0.091786, 0.077900, -0.765117, -0.654849, 0.140841], [0.600796, -0.409999, -0.661287, -0.293510, -0.503106], [0.936001, 0.937202, -0.470712, 0.028721, 0.630121], [0.657931, 0.454691, -1.245117, 0.435497, 0.435984], [0.658925, 0.431956, -0.246219, -0.228246, -0.922141], [-0.573505, -0.103690, 1.356664, -0.231274, 0.444112], [0.951767, 0.841032, -0.578626, -0.484421, -0.333244], [0.355782, 0.813242, 0.200603, -0.005829, -0.441812], [-0.902271, 0.948186, 0.365932, -0.401305, 0.984469], [-0.727046, -0.645803, 0.727734, 0.194845, -0.437432], [0.644646, 0.886688, 0.520583, 0.234223, 0.017420], [0.206588, 0.626803, -0.426999, 0.916875, -0.461285], [0.767957, 0.685416, 0.470475, 0.896270, -0.928801], [-0.761805, -0.431292, -1.063552, 0.429899, -0.693328], [0.664917, -0.672765, 0.210921, -0.867863, 0.431445], [-0.724385, 0.607989, -0.259857, -0.662659, 0.101281], [0.485474, -0.598264, -0.333836, 0.821395, -0.444980], [0.625786, 0.606982, -0.087242, -0.377482, -0.872026], [-0.082418, 0.476571, -0.209638, 0.854298, 0.640141], [0.567703, -0.901958, 0.286246, -0.423861, 0.705234], [0.951757, 0.694544, 0.150146, -0.038307, 0.136489], [0.246592, 0.311384, 0.512632, -0.726861, 0.902582], [0.376422, 0.772382, 0.708460, -0.371871, -0.567295], [-0.092078, -0.119909, -0.379449, -0.591190, -0.921659], [0.019027, 0.182752, 1.282710, -0.444656, 0.100877], [0.289911, -0.692736, 0.550347, -0.833061, 0.239286], [-0.198636, 0.239296, -0.300496, 0.880365, -0.718278], [0.092803, 0.793462, 0.655840, -0.923645, -0.591987], [0.943886, -0.860923, -0.992820, 0.981129, 0.531967], [0.474431, -0.951330, 0.369646, 0.778337, -0.829353], [-0.037367, 0.096594, -0.850898, 0.048958, -0.484833], [-0.364242, 0.317265, 0.316882, 0.054685, 0.726545], [0.775069, 0.442740, 0.516109, 0.555066, -0.088498], [-0.994322, 0.443688, 0.209359, 0.529635, 0.081888], [-0.084437, -0.216143, -0.142572, 0.187571, 0.932175], [-0.239644, 0.317553, -0.889806, 0.287420, 0.070779], [-0.720415, -0.648470, 0.121959, -0.175984, 