{ "W" : { "x" : 3, "y" : [1, 3, 1], "values" : [[], [[-0.531366, 1.312372, -0.999038, 0.964439], [0.603390, -0.328792, -0.053648, 0.833494]], [[-0.832112, 2.765888], [-0.447182, -2.090741], [0.552135, -3.242045], [-0.639855, 1.513016]]]}, "d" : { "size" : 3, "values" : [1.000000, 3.000000, 1.000000]}, "X" : { "x" : 3, "y" : [2, 4, 2], "values" : [[1.000000, 10.000000], [1.000000, -0.962259, -0.911364, 1.000000], [1.000000, 9.245421]]}, "deltas" : { "x" : 3, "y" : [2, 4, 2], "values" : [[0.000000, 0.000036], [0.000000, 0.000000, 0.000024, -0.000000], [0.000000, -0.000012]]}}
