{ "W" : { "x" : 3, "y" : [1, 3, 1], "values" : [[], [[0.261623, 0.966693, -0.451687, -1.374611], [0.257574, 0.778238, -0.085654, 0.345199]], [[-0.027007, 4.416930], [-0.410856, 1.360069], [0.178418, -1.833979], [0.758895, 1.915364]]]}, "d" : { "size" : 3, "values" : [1.000000, 3.000000, 1.000000]}, "X" : { "x" : 3, "y" : [2, 4, 2], "values" : [[1.000000, 10.000000], [1.000000, 1.000000, -0.863827, 0.969105], [1.000000, 9.217427]]}, "deltas" : { "x" : 3, "y" : [2, 4, 2], "values" : [[0.000000, -0.000397], [0.000000, 0.000000, -0.000036, 0.000068], [0.000000, 0.000035]]}}
