{ "W" : { "x" : 3, "y" : [2, 2, 1], "values" : [[], [[-0.964475, -1.130831, 1.259136], [0.304947, -2.394518, -2.534630], [0.727820, 2.328307, 2.547672]], [[0.302731, 2.635440], [0.453995, 2.975652], [0.592114, -2.942209]]]}, "d" : { "size" : 3, "values" : [2.000000, 2.000000, 1.000000]}, "X" : { "x" : 3, "y" : [3, 3, 2], "values" : [[1.000000, 1.900000, 1.900000], [1.000000, -0.850133, 0.857524], [1.000000, -0.984225]]}, "deltas" : { "x" : 3, "y" : [3, 3, 2], "values" : [[0.000000, -0.000000, 0.002487], [0.000000, -0.000013, 0.000988], [0.000000, -0.001251]]}}
