{ "W" : { "x" : 4, "y" : [192, 4, 4, 3], "values" : [[], [[-0.169495, -1.283585, 0.593087, -0.315309, -0.137090], [-0.758469, 0.102409, 1.029889, 0.023687, 0.526441], [0.643436, 0.006215, -0.154436, -1.015654, 0.900057], [-0.812254, 0.832136, 0.312323, 0.145649, -0.669779], [0.434708, 0.308577, 0.107025, -0.754289, -0.896042], [0.836558, -0.053681, -0.528359, -0.563348, -0.323357], [0.469007, 0.708154, 0.068062, 0.437479, -1.099829], [-0.221285, -0.796696, 0.782015, -0.043809, 0.781369], [0.493650, 0.388601, 0.242449, -0.446802, 0.356918], [0.917994, 0.224383, -0.791412, 0.105628, -0.297063], [-0.182104, -0.555011, 0.062480, -0.736337, 0.260132], [0.806632, -0.075809, 0.704588, -0.820965, -1.016793], [-0.990740, 0.135715, -0.382989, -0.202104, 0.322737], [-0.423204, -0.294754, 0.200467, -0.464368, -0.857168], [-0.980564, 0.448634, -0.715252, 0.076035, 0.508552], [-0.012980, -0.535237, -0.607472, -0.390130, 0.230011], [0.482653, 0.151866, 0.300623, -0.859541, 0.905189], [-0.132028, -0.401509, -0.534412, 0.606974, -0.507264], [0.144428, -0.874178, 0.850086, -0.521724, -0.934005], [0.747564, 0.108123, -0.884790, -0.296131, -0.792373], [-0.542343, -1.203378, 0.050393, -0.307175, 0.107588], [-0.915599, -0.447211, 0.769827, -0.010127, -0.298053], [-0.193078, 0.138077, -0.793351, 0.270432, 0.575988], [0.913098, -0.500871, -0.149834, 0.453494, -0.269432], [0.149302, 0.012207, -0.684810, -0.813462, -0.948706], [-0.678744, 0.558949, -0.817801, -0.250741, 0.944430], [0.860735, 0.845669, 0.728896, 0.200781, -0.287722], [-0.249030, -0.249888, 0.410854, -0.845015, 0.447592], [-0.550738, 0.269590, -0.366305, 0.119424, -0.099649], [-0.837871, -0.777829, -0.152966, 0.418185, -1.068700], [0.302489, -0.944096, 0.285986, -0.892986, -0.915244], [-0.841930, 0.891315, -0.370449, -0.824994, -0.412794], [0.748888, -0.565878, -0.724556, 0.893420, 0.230772], [0.325274, 0.147547, -0.016946, 0.768037, -0.203697], [-0.855144, 0.140130, 0.072883, -0.317001, 0.033924], [0.597136, -0.670301, 0.863665, 0.517825, -0.264896], [0.224038, 0.558288, 0.864830, -0.510035, -0.176828], [0.625273, 0.896763, 0.121545, -0.787906, 0.771240], [-0.209137, 0.518432, -0.921106, -0.662666, -0.023732], [0.693160, -0.339044, -0.437573, -0.904236, -0.221126], [-0.051026, 0.147186, -0.854729, 0.608539, 0.092350], [-0.938727, 0.188511, -0.622925, 0.250367, -0.114816], [0.517971, 0.403345, -0.411087, -0.191306, 0.316555], [-0.273898, 0.306158, -0.847211, -0.487268, 0.964325], [0.724682, -1.414681, -0.642605, -0.236096, 0.527645], [0.823812, 0.473194, -0.127260, -0.518856, -0.366640], [0.012802, 0.469076, 0.321690, -0.025509, 0.796339], [-0.542117, 0.287380, 0.089077, 0.661119, -0.292573], [0.828982, 0.440823, -0.171102, 0.822201, -0.502460], [0.603015, 0.413983, 0.605275, -0.397922, 0.029211], [0.563439, -0.425614, 0.516019, -0.113328, 0.434763], [0.381384, 0.362095, -0.254162, 0.711807, -0.738959], [0.745514, -0.656019, -0.791034, -0.555713, 0.684507], [0.084480, -0.544728, -0.627896, -0.888608, -0.160534], [0.894275, 0.215463, 0.605658, -0.945824, -0.142588], [0.512725, -0.006179, 0.758461, -0.046645, 1.036876], [-0.646496, 0.745862, 0.909218, -0.866363, 0.052994], [0.954811, 0.294316, 0.761879, 0.649003, -0.184489], [-0.422112, -0.077538, -0.236843, 0.256335, 1.008857], [0.383939, -0.712321, 0.992113, 0.086175, -0.043210], [-0.483589, -0.643595, -0.506604, 0.469527, -1.312131], [-0.703246, -0.937415, 0.564214, 0.285787, 0.074306], [-0.672098, 0.738993, 0.145433, 0.503380, 0.888131], [0.978781, -0.597120, 0.211140, -0.914952, 0.456347], [0.106100, -0.753385, -0.449146, 0.064255, 1.179770], [-0.716478, 0.253794, -0.142411, 0.352259, -0.828252], [0.591768, -0.321957, 0.287835, -0.566274, -1.290029], [0.227429, 0.170301, 0.204963, 0.700238, 0.136265], [0.297822, -0.928041, -0.563218, 0.608213, -0.702935], [-0.614678, -0.400864, -0.267781, 0.717494, -0.681676], [-0.709906, -0.841887, -0.788572, 0.485222, 0.832704], [-0.255505, -0.624876, -0.602465, -0.279328, 0.309229], [-0.101718, -0.815302, 0.766996, -0.815313, -0.118632], [-0.363022, -0.955754, 0.437193, -0.257093, -0.297455], [-0.917353, -0.553514, -0.732650, -0.239258, 0.993950], [-0.171839, 0.536856, -0.692201, 0.619080, 0.613968], [-0.351703, -0.548857, 0.101684, -0.904896, -0.496922], [-0.231138, 0.181030, 1.102280, 0.547449, -0.058640], [-0.791270, -0.570895, -0.326879, -0.583308, 1.126548], [0.575016, -0.099197, 0.989898, 0.731509, 0.424165], [-0.840017, -0.577651, 0.575564, 0.599459, 0.482445], [-0.145947, -1.519224, 0.721252, -0.296864, 0.124469], [-0.576450, -1.196315, 1.316861, 0.543575, 1.317221], [-0.238739, -0.691508, 1.038111, 0.297790, 1.066250], [-0.605039, -0.024558, -0.511032, -0.751769, 1.532491], [0.017033, -0.078054, 0.321728, 0.286942, 0.848195], [0.929085, 0.052607, 0.131573, 0.837237, 0.024267], [0.843805, -1.215513, -0.392493, 0.053753, 0.704476], [-0.722431, 1.013217, 0.629901, 0.273760, -1.577900], [0.150720, 1.333747, -0.453432, 0.646199, 0.583439], [-0.917647, -0.586222, -0.817729, 0.218824, -0.130267], [-0.579751, -0.781262, -0.685124, -0.082293, -0.057039], [0.548689, 0.116584, -0.932599, -0.687918, -0.943677], [-0.353853, 0.436937, 0.033267, -0.023137, 1.148214], [0.847985, -0.256059, 0.822825, 0.988538, -0.613571], [-0.301347, -0.730657, -0.053131, 0.043237, 0.494129], [0.024799, 0.358499, -0.141455, 0.833470, 0.031835], [0.984862, 1.201084, -1.058027, 0.887790, -0.193087], [-0.518342, 0.447680, 0.805343, -0.448947, -1.140634], [0.949468, 0.130865, 0.104669, -0.290638, 0.188853], [0.613733, 1.555238, 0.419256, 0.868402, -1.796799], [-0.040716, 2.177839, -0.219977, 0.897192, -1.818223], [-0.666821, -0.465240, -0.269692, 0.938136, 0.661733], [0.758364, 0.026041, 0.115903, 0.115033, -1.610782], [-0.374823, 1.052800, 0.605946, 0.715648, -0.463844], [0.971203, 0.107960, -1.342251, -0.503664, 1.145246], [0.901767, 1.634207, 0.951285, 0.425281, 0.286030], [0.596503, 0.988806, 0.482143, -0.603903, 0.126197], [-0.299883, -1.358386, -0.447581, 1.056100, 1.474292], [-0.182232, 1.401487, -0.693903, -0.894740, 0.448618], [-0.925783, 1.896308, 0.544052, 0.211907, 0.416380], [-0.427723, -0.608278, 0.456690, 0.066924, -0.004141], [0.286178, 0.754947, 0.567524, -0.149100, -0.848943], [-0.389809, 0.515749, -0.553970, 0.146939, -0.455028], [0.546965, 0.896187, -0.846667, 0.148636, 0.881392], [0.376063, 0.172010, 0.030283, -0.448454, 0.186241], [0.382790, -0.730736, -0.451584, 0.703144, 0.515003], [-0.519292, -0.770439, 0.015665, 0.883349, 0.847285], [-0.308545, -0.405855, -0.378127, 0.623962, 0.177230], [0.228931, 0.766169, 0.593287, -0.484367, -0.902017], [-0.728395, 0.339789, -0.567521, -0.004849, 0.894549], [0.392930, -0.268560, -0.852180, 0.741524, 0.888575], [0.063291, -0.779582, -1.535043, 0.855878, -0.118298], [-0.290380, 1.396039, -0.456183, 0.036833, 0.504947], [-0.695294, -0.501734, 0.465351, 0.012848, 0.522415], [0.632285, -0.185834, 0.387498, 0.541020, 0.169419], [-0.707507, 0.607935, 0.449057, 0.907555, -0.767292], [-0.157863, -1.123284, -0.205341, 0.667655, 0.088298], [0.722359, 0.764464, -1.305037, 0.690615, 0.002754], [-0.795124, 0.442967, 0.472171, 0.225014, -0.298868], [0.762404, -1.609758, 0.543260, -0.158818, 0.925823], [-0.499898, -0.570526, -0.299360, 0.229247, 0.397298], [0.108718, -0.023653, -0.719214, -0.755996, -1.886606], [0.717483, -0.721564, -0.944466, 0.291004, -0.320932], [-0.951109, 0.605177, 0.617229, -0.759674, -0.511598], [0.562633, 0.345100, 1.054052, 0.749162, -1.272120], [-0.104183, -0.036027, 0.177416, 0.588063, -0.125738], [-0.554218, -0.137517, -0.366674, -0.277176, 0.231743], [0.012204, 1.040932, 0.579358, -0.038088, -0.146114], [-0.857708, -0.994168, 0.934651, 0.498378, -1.447723], [0.367811, -0.414445, -0.160186, 0.318351, 0.773402], [-0.527279, -0.608389, -0.401415, -0.503349, 0.552613], [0.471307, 0.112808, 0.080142, -0.537407, -0.737514], [-0.659708, -0.408236, -0.139606, -0.152810, -0.782039], [-0.905231, 0.936739, -0.609129, 0.902946, 0.078209], [-0.340288, 2.138223, 0.179230, -0.418969, 