{ "W" : { "x" : 3, "y" : [2, 2, 1], "values" : [[], [[-0.044001, 2.534837, -1.251073], [0.610931, -1.752664, 2.800524], [0.278335, -1.767075, 2.864078]], [[-0.241232, -2.791015], [-0.713199, 3.337389], [0.371292, 3.176510]]]}, "d" : { "size" : 3, "values" : [2.000000, 2.000000, 1.000000]}, "X" : { "x" : 3, "y" : [3, 3, 2], "values" : [[1.000000, 1.900000, 1.900000], [1.000000, -0.999506, 1.000000], [1.000000, -0.994539]]}, "deltas" : { "x" : 3, "y" : [3, 3, 2], "values" : [[0.000000, 0.000000, 0.001505], [0.000000, -0.001535, -0.000422], [0.000000, -0.000804]]}}
