{ "W" : { "x" : 3, "y" : [1, 3, 1], "values" : [[], [[0.011314, 1.029341, -0.940807, 1.542910], [0.317305, -0.382541, 0.401227, 0.079671]], [[0.115936, 2.962153], [0.670512, -1.704334], [0.189978, 1.909822], [-0.968163, 2.245305]]]}, "d" : { "size" : 3, "values" : [1.000000, 3.000000, 1.000000]}, "X" : { "x" : 3, "y" : [2, 4, 2], "values" : [[1.000000, 10.000000], [1.000000, -0.992574, 0.995712, 0.981599], [1.000000, 8.759452]]}, "deltas" : { "x" : 3, "y" : [2, 4, 2], "values" : [[0.000000, -0.000230], [0.000000, -0.000020, 0.000019, 0.000003], [0.000000, 0.000015]]}}
