{ "W" : { "x" : 4, "y" : [192, 4, 4, 3], "values" : [[], [[0.239807, 0.085912, 0.018130, -0.805319, -0.908483], [0.610989, -0.324289, 0.983620, 0.219598, -0.142407], [-0.130955, 0.228712, 0.821259, 0.307069, 0.760298], [0.567362, -0.827965, -0.323326, 0.896223, -0.534534], [0.269081, -0.438129, -0.233915, -0.126362, 0.804525], [-0.121491, 0.211701, 0.024968, 0.146353, 0.960325], [0.939104, -0.987307, -0.834387, -0.814393, -0.077046], [-0.896459, 0.673377, 0.694830, 0.692862, -0.322265], [-0.083010, -0.727480, -0.911460, 0.474260, 0.621411], [0.416597, -1.081854, 0.526471, 0.568003, -0.617245], [-0.117232, -0.747829, 0.246023, 0.318016, 0.678527], [-0.039733, -0.296944, -0.045363, -0.715490, -0.140091], [-0.086151, -0.685461, 0.825284, 0.522254, -0.220030], [0.589534, -0.813112, 0.120356, 0.246184, -0.849570], [0.618168, 0.008451, 0.621972, 0.869522, -0.867232], [-0.476860, -0.554898, -0.618046, -0.411422, 0.476406], [-0.513356, 0.682021, -0.158672, 0.428738, 0.629050], [0.361319, -0.655747, -0.350064, -0.785787, 0.315623], [0.242103, 0.334636, 0.842285, -0.605434, 0.574142], [0.679130, -0.060604, 0.158593, -0.743037, 0.850179], [0.042586, -0.409140, -0.409482, -0.108222, 0.312934], [0.125413, 1.424130, -0.341099, 0.379746, 0.208275], [-0.350372, -0.844131, 0.609746, -0.470674, 0.329955], [0.647055, -0.859930, 0.816369, -0.505837, -0.940039], [-0.708106, -0.598465, -0.251423, 0.780848, -0.252636], [-0.644662, 0.207799, -0.165496, 0.435069, 0.306308], [-0.816151, 0.203991, 0.340395, 0.901938, -0.308256], [0.788580, -0.743995, 0.292771, 0.246958, -0.171592], [-0.866348, -0.052911, -0.963998, -0.155477, 0.856272], [0.888359, 0.538525, 0.733153, -0.043943, 0.617452], [0.362917, -0.265680, 0.838405, -0.001379, -0.753534], [0.389625, -1.030187, -0.086122, -0.029598, 0.768601], [0.669817, 0.563349, -0.705621, 0.065758, 0.003726], [-0.879202, -1.134616, -0.139124, 0.741686, 0.969137], [-0.604662, 0.040794, 0.683331, 0.484013, -0.772416], [0.194788, 0.700739, -0.762665, -0.841548, 0.132894], [-0.861107, -0.350813, -0.092146, 0.747550, 0.072378], [0.727137, 0.358361, -0.765529, -0.821896, -0.041789], [0.541926, -0.370346, 0.093207, 0.973620, 0.076802], [0.969237, -0.827739, -0.430499, 0.733144, -0.862684], [0.343663, 0.713050, -0.919706, -0.967230, -0.317795], [0.194259, -0.201510, -0.256910, -0.250419, 0.693954], [-0.283538, 0.532988, 0.697724, -0.170335, -0.096427], [0.073807, -0.501991, 1.094441, 0.095025, 0.472443], [0.330045, 0.358444, -0.033815, -0.742370, -0.025124], [0.810837, 0.008113, 0.545173, 0.597302, -0.241347], [-0.799587, -0.020626, -0.770074, 0.206737, -0.013213], [-0.070578, -0.729779, -0.974046, -0.722341, -0.086618], [-0.126653, 0.898627, -0.488235, -0.794317, 0.952516], [-0.701263, -0.980049, -0.730788, -0.802104, -0.451803], [0.449248, -0.333966, 0.690945, -0.878542, -0.113812], [0.300869, 0.743597, -0.420752, 0.187918, 0.705794], [-0.082987, -0.236505, 0.213325, 1.161556, 0.074363], [-0.259602, -0.228038, 0.759759, -0.113021, -0.151082], [0.307788, -0.995745, -0.796365, -0.287321, -0.805179], [0.974183, 0.027270, -0.319148, -0.436724, 0.608962], [-0.375150, -1.174107, -0.357247, -0.024776, -0.497534], [-0.082421, -0.464214, 0.117674, 0.153599, -0.026737], [-0.874209, -0.960094, 0.892475, 0.879137, 0.132981], [-0.494269, 0.709972, -0.352433, 0.455333, -0.642437], [-0.319254, -0.370034, -0.537171, 0.146852, -0.902097], [-0.474917, 0.571908, 1.242101, 0.933240, 0.017511], [0.455582, -1.145474, 0.548676, -0.382384, -0.853946], [-0.852418, -0.661032, 0.091078, -0.168844, -0.501663], [-0.537407, 0.442733, -0.215651, -0.549863, 0.708871], [0.675758, 0.565523, -0.046067, 0.154829, 0.334973], [0.329734, 0.352065, -1.068546, -0.826037, -0.360538], [-0.471523, -0.504213, 0.341633, 0.296960, -0.262440], [0.914287, 0.434515, 0.133530, 0.762695, 0.994999], [-0.865339, 0.474915, -0.480681, -0.122821, -0.476000], [0.045932, 0.172146, -0.834326, 0.749754, -0.141632], [-0.147778, 0.955072, 0.376557, 0.156983, -0.834828], [-0.989535, 0.271809, 0.410803, 0.558058, -0.038563], [-0.016737, -0.075550, 0.242507, 0.464342, -1.141455], [0.016706, -0.041575, 1.009659, 0.131402, -0.416564], [-0.377144, -0.299598, 0.121326, 0.527396, 0.616294], [0.003042, -0.762665, -0.292778, 0.102275, 0.030749], [0.997451, 0.355725, 0.848940, -0.304524, -0.514935], [-0.101726, -1.278723, 0.633840, 0.632368, -0.792288], [0.301528, 0.250596, 0.149276, -0.495219, -0.330942], [-0.705442, -1.287733, 0.607497, -0.183407, -0.495482], [-0.393512, 0.614527, 0.333031, 0.703092, -0.501277], [0.632752, -1.257712, -0.523508, 0.467228, -0.408184], [-0.744248, -0.608635, -0.615548, 1.619205, -0.535118], [0.708186, 0.516232, 0.539366, 0.032538, 0.850640], [-0.830748, 0.613722, 0.323522, 0.763690, 0.701679], [-0.486155, 0.341672, 0.713127, -0.193633, 0.009413], [0.596091, 0.555232, 1.469252, -0.066367, -0.548156], [0.641966, -0.845583, -0.473838, -1.321523, 0.883913], [-0.012439, -0.077961, -0.343446, 0.517580, -0.664700], [0.802878, -0.111974, 0.776303, 0.905354, -0.412627], [-0.583364, -0.364740, -0.904878, -0.827467, -0.906249], [-0.177716, -0.045034, 0.274904, -0.712445, 0.034323], [-0.330980, 0.431959, 0.171447, -0.109591, 0.155918], [0.160259, -0.813996, 0.561402, 0.516711, 0.225863], [-0.645032, 0.152388, -0.560030, -0.688546, 0.919038], [-0.951602, -0.672195, 0.569649, 0.273690, 0.017760], [0.908561, 0.050577, -1.514327, -1.605151, -0.128916], [-0.080267, -0.730174, -0.771903, -1.132418, 0.561803], [-0.879296, -0.627919, -0.892385, 0.186348, 0.442772], [0.159464, 1.294118, -0.604110, -1.289087, -0.578385], [-0.350812, 1.460263, -1.105799, -0.475297, 0.202639], [-0.639684, -0.597063, 0.330067, 1.615449, -0.993079], [-0.062158, 0.353735, -1.393185, -1.234549, 1.013778], [0.623811, 0.227533, -0.992421, 0.348394, -0.180578], [0.647268, 0.094861, 0.692938, 0.996135, -0.001714], [-0.070280, 0.750074, -0.086445, -0.314001, 0.177385], [-0.576192, 0.725545, -0.405039, -0.960932, 0.987268], [0.976884, 0.253743, 1.187481, -0.278271, -0.560096], [-0.287384, 1.058287, -0.979966, 0.533410, 0.263009], [-0.992594, 0.377250, -1.443386, 0.890854, -0.134435], [0.149947, 0.295118, 0.361200, 0.460354, 0.758791], [0.010371, 0.615328, -1.487984, -1.465982, 0.189627], [-0.378846, 0.739266, -1.889600, 0.177268, -0.322224], [-0.202254, 1.088255, 0.783893, 0.580915, 0.080541], [0.842542, 0.405389, -0.557660, -0.843237, 0.518510], [-0.354112, -0.494079, 0.991920, -0.014567, 0.063212], [-0.107798, -0.439387, 0.799825, 0.576013, 0.397724], [0.266108, 0.943434, 0.857902, 0.858829, -0.527164], [-0.225883, 0.214359, -0.510450, -0.137818, -0.755343], [0.358149, -0.009498, 0.643386, -0.720607, 0.588640], [-0.195251, 0.499505, 0.812232, -1.164456, 0.650282], [0.788438, 1.338520, 1.184682, -0.391688, -0.461589], [-0.123030, 0.499301, -0.742336, -0.669919, -0.520358], [0.545124, 0.299433, 1.679092, 0.373971, 0.707765], [0.792441, 0.444561, -0.359886, 0.108451, 0.649485], [0.418288, -0.038643, 0.127627, -0.606390, -0.851291], [0.626083, -0.676390, 1.169160, -0.237460, -0.736769], [-0.186574, 0.803535, 0.407401, -0.311199, -0.642694], [0.178248, 1.029297, -0.658918, -0.125546, -0.919585], [-0.917606, -0.717359, 0.795869, 0.716145, -0.449889], [-0.165899, -0.506555, -0.468140, 0.853178, -0.127660], [0.506911, -0.575027, 0.169456, 0.205119, 0.494539], [-0.728203, -0.336021, 2.026628, 0.194407, 0.466633], [0.487644, 0.440251, -1.095898, 0.426449, -1.151989], [-0.263807, -0.529296, -1.948972, -0.685364, -0.824516], [0.954021, -0.362189, 0.190987, -0.779952, 0.505503], [-0.090045, -0.184945, -0.773183, 0.683008, -0.053327], [0.458800, 0.061054, -0.266076, 0.374290, 0.638776], [-0.370513, -1.205162, -0.214382, -0.946169, -0.011650], [0.446465, 0.239680, 0.144018, -0.072749, -0.187412], [0.695946, 0.635681, 0.690666, 0.691734, 0.176609], [0.214997, -0.506558, 0.953548, 0.208893, -0.301643], [0.245981, 0.984162, 0.203222, -0.305046, -0.185328], [0.835500, -0.688582, 0.909129, -0.376774, 0.005970], [0.958631, 0.810290, -1.707045, 