{ "W" : { "x" : 3, "y" : [2, 2, 1], "values" : [[], [[0.634786, 1.180742, -1.507191], [-0.418812, -2.493699, -2.881703], [0.586346, 2.617946, 2.974001]], [[-0.701330, 3.213053], [0.133556, -3.561494], [0.235224, 3.500351]]]}, "d" : { "size" : 3, "values" : [2.000000, 2.000000, 1.000000]}, "X" : { "x" : 3, "y" : [3, 3, 2], "values" : [[1.000000, 1.900000, 1.900000], [1.000000, 0.888932, -0.869695], [1.000000, -0.995026]]}, "deltas" : { "x" : 3, "y" : [3, 3, 2], "values" : [[0.000000, -0.000000, 0.000259], [0.000000, 0.000099, -0.000000], [0.000000, -0.000111]]}}
